"BehaviorSpace results (NetLogo 6.4.0)","Table version 2.0"
"Sugarscape 2 Constant Growback_edit.nlogo"
"sugar_endowment"
"02/13/2024 12:51:40:559 +0000"
"min-pxcor","max-pxcor","min-pycor","max-pycor"
"0","49","0","49"
"[run number]","minimum-sugar-endowment","maximum-sugar-endowment","[step]","count turtles","survival-rate","last-death","gini-index","mean [vision] of turtles","mean [metabolism] of turtles","endowment-error"
"4","20","10","0","0","0","0","0","<RuntimePrimitiveException>","<RuntimePrimitiveException>","true"
"5","25","10","0","0","0","0","0","<RuntimePrimitiveException>","<RuntimePrimitiveException>","true"
"6","30","10","0","0","0","0","0","<RuntimePrimitiveException>","<RuntimePrimitiveException>","true"
"7","35","10","0","0","0","0","0","<RuntimePrimitiveException>","<RuntimePrimitiveException>","true"
"8","40","10","0","0","0","0","0","<RuntimePrimitiveException>","<RuntimePrimitiveException>","true"
"3","15","10","0","0","0","0","0","<RuntimePrimitiveException>","<RuntimePrimitiveException>","true"
"2","10","10","0","0","0","0","0","<RuntimePrimitiveException>","<RuntimePrimitiveException>","true"
"9","45","10","0","0","0","0","0","<RuntimePrimitiveException>","<RuntimePrimitiveException>","true"
"14","20","20","0","0","0","0","0","<RuntimePrimitiveException>","<RuntimePrimitiveException>","true"
"16","30","20","0","0","0","0","0","<RuntimePrimitiveException>","<RuntimePrimitiveException>","true"
"10","50","10","0","0","0","0","0","<RuntimePrimitiveException>","<RuntimePrimitiveException>","true"
"15","25","20","0","0","0","0","0","<RuntimePrimitiveException>","<RuntimePrimitiveException>","true"
"18","40","20","0","0","0","0","0","<RuntimePrimitiveException>","<RuntimePrimitiveException>","true"
"17","35","20","0","0","0","0","0","<RuntimePrimitiveException>","<RuntimePrimitiveException>","true"
"20","50","20","0","0","0","0","0","<RuntimePrimitiveException>","<RuntimePrimitiveException>","true"
"19","45","20","0","0","0","0","0","<RuntimePrimitiveException>","<RuntimePrimitiveException>","true"
"21","5","30","192","398","0.44222222222222224","90","0.34296207204025525","3.6180904522613067","1.4824120603015076","0"
"22","10","30","199","382","0.42444444444444446","97","0.329694957987328","3.725130890052356","1.4607329842931938","0"
"26","30","30","0","382","0.42444444444444446","97","0.329694957987328","3.725130890052356","1.4607329842931938","true"
"27","35","30","0","382","0.42444444444444446","97","0.329694957987328","3.725130890052356","1.4607329842931938","true"
"28","40","30","0","382","0.42444444444444446","97","0.329694957987328","3.725130890052356","1.4607329842931938","true"
"29","45","30","0","382","0.42444444444444446","97","0.329694957987328","3.725130890052356","1.4607329842931938","true"
"30","50","30","0","382","0.42444444444444446","97","0.329694957987328","3.725130890052356","1.4607329842931938","true"
"1","5","10","149","422","0.4688888888888889","47","0.35845389998272903","3.646919431279621","1.4691943127962086","0"
"12","10","20","153","416","0.4622222222222222","51","0.3505943045582312","3.59375","1.4903846153846154","0"
"13","15","20","166","411","0.45666666666666667","64","0.34920096331675593","3.708029197080292","1.4793187347931873","0"
"11","5","20","179","402","0.44666666666666666","77","0.34542217780312373","3.611940298507463","1.4502487562189055","0"
"24","20","30","174","401","0.44555555555555554","72","0.3174062249610626","3.6209476309226933","1.4513715710723192","0"
"25","25","30","208","388","0.4311111111111111","106","0.3251014058756459","3.6572164948453607","1.4742268041237114","0"
"31","5","40","213","379","0.4211111111111111","111","0.31506711080504585","3.5963060686015833","1.4722955145118735","0"
"38","40","40","0","379","0.4211111111111111","111","0.31506711080504585","3.5963060686015833","1.4722955145118735","true"
"39","45","40","0","379","0.4211111111111111","111","0.31506711080504585","3.5963060686015833","1.4722955145118735","true"
"40","50","40","0","379","0.4211111111111111","111","0.31506711080504585","3.5963060686015833","1.4722955145118735","true"
"23","15","30","231","415","0.46111111111111114","129","0.3515721092065616","3.648192771084337","1.5301204819277108","0"
"37","35","40","192","392","0.43555555555555553","90","0.30373082746530994","3.7066326530612246","1.4566326530612246","0"
"41","5","50","240","383","0.4255555555555556","138","0.3177069114985355","3.4673629242819843","1.4595300261096606","0"
"34","20","40","231","380","0.4222222222222222","129","0.31259146430834395","3.6657894736842107","1.4394736842105262","0"
"32","10","40","281","399","0.44333333333333336","179","0.3346137406658431","3.6766917293233083","1.4385964912280702","0"
"35","25","40","258","375","0.4166666666666667","156","0.3228415970920656","3.6693333333333333","1.496","0"
"33","15","40","277","401","0.44555555555555554","175","0.36400001734458226","3.678304239401496","1.4937655860349128","0"
"42","10","50","208","425","0.4722222222222222","106","0.3519579996612878","3.764705882352941","1.4752941176470589","0"
"36","30","40","276","400","0.4444444444444444","174","0.3304693705943392","3.545","1.45","0"
"50","50","50","0","400","0.4444444444444444","174","0.3304693705943392","3.545","1.45","true"
"43","15","50","233","410","0.45555555555555555","131","0.31575433083888055","3.578048780487805","1.446341463414634","0"
"44","20","50","196","415","0.46111111111111114","94","0.31508325462796344","3.6771084337349396","1.453012048192771","0"
"45","25","50","195","423","0.47","93","0.31417935876862374","3.57919621749409","1.475177304964539","0"
"46","30","50","208","407","0.45222222222222225","106","0.3107585431456487","3.555282555282555","1.452088452088452","0"
"48","40","50","200","412","0.4577777777777778","98","0.304531337737532","3.657766990291262","1.4878640776699028","0"
"47","35","50","214","416","0.4622222222222222","112","0.3091866717537137","3.6298076923076925","1.4471153846153846","0"
"52","10","60","250","414","0.46","148","0.34204458279763883","3.4927536231884058","1.5","0"
"53","15","60","229","387","0.43","127","0.3088379252237057","3.6770025839793283","1.4573643410852712","0"
"49","45","50","255","387","0.43","153","0.3091362171991447","3.55297157622739","1.4082687338501292","0"
"51","5","60","238","405","0.45","136","0.3307357780032732","3.6938271604938273","1.4790123456790123","0"
"54","20","60","260","384","0.4266666666666667","158","0.3266483694783927","3.5104166666666665","1.4348958333333333","0"
"58","40","60","260","412","0.4577777777777778","158","0.3227359613610818","3.7014563106796117","1.424757281553398","0"
"59","45","60","253","401","0.44555555555555554","151","0.3149567227709212","3.4763092269326683","1.4688279301745637","0"
"55","25","60","207","422","0.4688888888888889","105","0.32324659236602693","3.625592417061611","1.4834123222748816","0"
"57","35","60","268","370","0.4111111111111111","166","0.2983253217401105","3.5891891891891894","1.4351351351351351","0"
"56","30","60","261","403","0.4477777777777778","159","0.31491044764169435","3.759305210918114","1.478908188585608","0"
"60","50","60","229","387","0.43","127","0.294088640841949","3.6382428940568476","1.4702842377260983","0"
"61","5","70","296","407","0.45222222222222225","194","0.3398909047482163","3.6486486486486487","1.479115479115479","0"
"64","20","70","270","381","0.42333333333333334","168","0.31396383774378017","3.690288713910761","1.4593175853018372","0"
"63","15","70","296","392","0.43555555555555553","194","0.3116588919813986","3.614795918367347","1.4464285714285714","0"
"62","10","70","311","410","0.45555555555555555","209","0.3415881568082275","3.5707317073170732","1.4414634146341463","0"
"66","30","70","259","396","0.44","157","0.3093125222335763","3.707070707070707","1.4671717171717171","0"
"68","40","70","240","430","0.4777777777777778","138","0.31543251137624234","3.5767441860465117","1.4511627906976745","0"
"67","35","70","277","382","0.42444444444444446","175","0.31453674838448614","3.657068062827225","1.5104712041884816","0"
"65","25","70","274","404","0.4488888888888889","172","0.319208460846085","3.6014851485148514","1.4876237623762376","0"
"70","50","70","229","407","0.45222222222222225","127","0.29630068083770855","3.678132678132678","1.4545454545454546","0"
"69","45","70","319","410","0.45555555555555555","217","0.33007790009928334","3.548780487804878","1.4829268292682927","0"
"71","5","80","358","394","0.43777777777777777","256","0.32213200671718006","3.6091370558375635","1.4543147208121827","0"
"72","10","80","340","382","0.42444444444444446","238","0.32444883921871714","3.554973821989529","1.463350785340314","0"
"75","25","80","263","394","0.43777777777777777","161","0.29211761713969175","3.6573604060913705","1.4467005076142132","0"
"77","35","80","302","403","0.4477777777777778","200","0.30921084910751934","3.699751861042184","1.4590570719602978","0"
"73","15","80","425","371","0.4122222222222222","323","0.3117469454493501","3.606469002695418","1.4097035040431267","0"
"76","30","80","329","396","0.44","227","0.3142029695442313","3.7323232323232323","1.4318181818181819","0"
"74","20","80","384","394","0.43777777777777777","282","0.3365027263286713","3.616751269035533","1.482233502538071","0"
"79","45","80","375","366","0.4066666666666667","273","0.32412531218480534","3.609289617486339","1.4781420765027322","0"
"78","40","80","271","409","0.45444444444444443","169","0.29806271464815903","3.6601466992665035","1.4009779951100245","0"
"82","10","90","303","400","0.4444444444444444","201","0.33215398344282093","3.6","1.485","0"
"80","50","80","319","384","0.4266666666666667","217","0.29721464235387934","3.5","1.4739583333333333","0"
"86","30","90","349","391","0.43444444444444447","247","0.32481023020825733","3.549872122762148","1.4705882352941178","0"
"81","5","90","460","383","0.4255555555555556","358","0.31635202134679935","3.657963446475196","1.443864229765013","0"
"84","20","90","290","389","0.43222222222222223","188","0.31648735595340477","3.866323907455013","1.4884318766066837","0"
"85","25","90","373","406","0.45111111111111113","271","0.3176655878982283","3.455665024630542","1.4532019704433496","0"
"87","35","90","316","415","0.46111111111111114","214","0.31672682594647705","3.597590361445783","1.508433734939759","0"
"83","15","90","402","375","0.4166666666666667","300","0.31395769862650935","3.530666666666667","1.4373333333333334","0"
"88","40","90","316","396","0.44","214","0.311045007159928","3.553030303030303","1.5025252525252526","0"
"89","45","90","289","396","0.44","187","0.3075995021981674","3.6464646464646466","1.4747474747474747","0"
"90","50","90","302","419","0.46555555555555556","200","0.31851576368270135","3.6825775656324584","1.4844868735083532","0"
"91","5","100","298","392","0.43555555555555553","196","0.329009425148179","3.568877551020408","1.4872448979591837","0"
"94","20","100","342","376","0.4177777777777778","240","0.3151081657826334","3.6861702127659575","1.4840425531914894","0"
"95","25","100","306","383","0.4255555555555556","204","0.3078200865490939","3.6553524804177546","1.5013054830287207","0"
"93","15","100","331","398","0.44222222222222224","229","0.3404278843095712","3.7964824120603016","1.520100502512563","0"
"102","10","10","0","398","0.44222222222222224","229","0.3404278843095712","3.7964824120603016","1.520100502512563","true"
"103","15","10","0","398","0.44222222222222224","229","0.3404278843095712","3.7964824120603016","1.520100502512563","true"
"104","20","10","0","398","0.44222222222222224","229","0.3404278843095712","3.7964824120603016","1.520100502512563","true"
"105","25","10","0","398","0.44222222222222224","229","0.3404278843095712","3.7964824120603016","1.520100502512563","true"
"106","30","10","0","398","0.44222222222222224","229","0.3404278843095712","3.7964824120603016","1.520100502512563","true"
"107","35","10","0","398","0.44222222222222224","229","0.3404278843095712","3.7964824120603016","1.520100502512563","true"
"108","40","10","0","398","0.44222222222222224","229","0.3404278843095712","3.7964824120603016","1.520100502512563","true"
"109","45","10","0","398","0.44222222222222224","229","0.3404278843095712","3.7964824120603016","1.520100502512563","true"
"110","50","10","0","398","0.44222222222222224","229","0.3404278843095712","3.7964824120603016","1.520100502512563","true"
"96","30","100","484","382","0.42444444444444446","382","0.3321972891124486","3.581151832460733","1.486910994764398","0"
"98","40","100","317","414","0.46","215","0.31511783279660516","3.5483091787439616","1.4685990338164252","0"
"97","35","100","286","427","0.47444444444444445","184","0.3149570183523018","3.519906323185012","1.449648711943794","0"
"114","20","20","0","427","0.47444444444444445","184","0.3149570183523018","3.519906323185012","1.449648711943794","true"
"115","25","20","0","427","0.47444444444444445","184","0.3149570183523018","3.519906323185012","1.449648711943794","true"
"116","30","20","0","427","0.47444444444444445","184","0.3149570183523018","3.519906323185012","1.449648711943794","true"
"117","35","20","0","427","0.47444444444444445","184","0.3149570183523018","3.519906323185012","1.449648711943794","true"
"118","40","20","0","427","0.47444444444444445","184","0.3149570183523018","3.519906323185012","1.449648711943794","true"
"119","45","20","0","427","0.47444444444444445","184","0.3149570183523018","3.519906323185012","1.449648711943794","true"
"120","50","20","0","427","0.47444444444444445","184","0.3149570183523018","3.519906323185012","1.449648711943794","true"
"92","10","100","390","422","0.4688888888888889","288","0.33084634765906085","3.661137440758294","1.4644549763033174","0"
"101","5","10","182","371","0.4122222222222222","80","0.33730744403309526","3.5417789757412397","1.471698113207547","0"
"111","5","20","182","403","0.4477777777777778","80","0.3593131579059672","3.4615384615384617","1.478908188585608","0"
"113","15","20","154","399","0.44333333333333336","52","0.3263490556839206","3.669172932330827","1.5137844611528821","0"
"112","10","20","230","407","0.45222222222222225","128","0.3451467713848808","3.481572481572482","1.4987714987714988","0"
"126","30","30","0","407","0.45222222222222225","128","0.3451467713848808","3.481572481572482","1.4987714987714988","true"
"127","35","30","0","407","0.45222222222222225","128","0.3451467713848808","3.481572481572482","1.4987714987714988","true"
"128","40","30","0","407","0.45222222222222225","128","0.3451467713848808","3.481572481572482","1.4987714987714988","true"
"129","45","30","0","407","0.45222222222222225","128","0.3451467713848808","3.481572481572482","1.4987714987714988","true"
"130","50","30","0","407","0.45222222222222225","128","0.3451467713848808","3.481572481572482","1.4987714987714988","true"
"100","50","100","323","416","0.4622222222222222","221","0.30464985158867314","3.4471153846153846","1.4471153846153846","0"
"121","5","30","170","397","0.4411111111111111","68","0.33375802048685405","3.5894206549118386","1.486146095717884","0"
"99","45","100","414","377","0.41888888888888887","312","0.29781996518929355","3.580901856763926","1.4588859416445623","0"
"123","15","30","179","403","0.4477777777777778","77","0.34153983175603775","3.6873449131513647","1.488833746898263","0"
"122","10","30","194","407","0.45222222222222225","92","0.3352688705900974","3.673218673218673","1.4742014742014742","0"
"125","25","30","187","392","0.43555555555555553","85","0.3261345261445068","3.548469387755102","1.4872448979591837","0"
"124","20","30","177","384","0.4266666666666667","75","0.31574943728925514","3.5572916666666665","1.5234375","0"
"138","40","40","0","384","0.4266666666666667","75","0.31574943728925514","3.5572916666666665","1.5234375","true"
"139","45","40","0","384","0.4266666666666667","75","0.31574943728925514","3.5572916666666665","1.5234375","true"
"140","50","40","0","384","0.4266666666666667","75","0.31574943728925514","3.5572916666666665","1.5234375","true"
"132","10","40","200","403","0.4477777777777778","98","0.33747187220347447","3.662531017369727","1.4863523573200992","0"
"131","5","40","267","383","0.4255555555555556","165","0.33091036217369074","3.6396866840731072","1.5039164490861618","0"
"134","20","40","192","405","0.45","90","0.32846186161636776","3.6246913580246916","1.4666666666666666","0"
"133","15","40","224","397","0.4411111111111111","122","0.3304244243526107","3.619647355163728","1.4710327455919396","0"
"137","35","40","200","408","0.4533333333333333","98","0.31639639002158476","3.747549019607843","1.5049019607843137","0"
"135","25","40","211","408","0.4533333333333333","109","0.3275098084929607","3.5098039215686274","1.463235294117647","0"
"141","5","50","240","385","0.42777777777777776","138","0.329769280453407","3.761038961038961","1.4727272727272727","0"
"136","30","40","259","388","0.4311111111111111","157","0.313384132851696","3.667525773195876","1.4768041237113403","0"
"143","15","50","207","412","0.4577777777777778","105","0.3290433062732311","3.7111650485436893","1.4951456310679612","0"
"150","50","50","0","412","0.4577777777777778","105","0.3290433062732311","3.7111650485436893","1.4951456310679612","true"
"142","10","50","238","372","0.41333333333333333","136","0.31703395110064625","3.454301075268817","1.446236559139785","0"
"146","30","50","233","410","0.45555555555555555","131","0.3189739589100392","3.631707317073171","1.4560975609756097","0"
"144","20","50","253","401","0.44555555555555554","151","0.33808514910202375","3.576059850374065","1.4937655860349128","0"
"145","25","50","235","377","0.41888888888888887","133","0.3048757853146663","3.6047745358090184","1.46684350132626","0"
"147","35","50","239","396","0.44","137","0.32045503350805665","3.3535353535353534","1.4848484848484849","0"
"148","40","50","235","396","0.44","133","0.30203885669494146","3.532828282828283","1.4444444444444444","0"
"151","5","60","257","419","0.46555555555555556","155","0.3540239551804124","3.7255369928400954","1.496420047732697","0"
"153","15","60","234","413","0.4588888888888889","132","0.3183669730298047","3.6610169491525424","1.4261501210653753","0"
"152","10","60","282","390","0.43333333333333335","180","0.3288048433684966","3.494871794871795","1.4487179487179487","0"
"149","45","50","293","391","0.43444444444444447","191","0.3194350908230818","3.5217391304347827","1.4552429667519182","0"
"154","20","60","274","385","0.42777777777777776","172","0.3242526635648314","3.4363636363636365","1.4545454545454546","0"
"155","25","60","279","386","0.4288888888888889","177","0.3262171318490876","3.4792746113989637","1.461139896373057","0"
"156","30","60","278","382","0.42444444444444446","176","0.31258497076963593","3.670157068062827","1.4528795811518325","0"
"157","35","60","218","410","0.45555555555555555","116","0.3011294256828076","3.6195121951219513","1.446341463414634","0"
"158","40","60","251","387","0.43","149","0.2938641995756039","3.757105943152455","1.4599483204134367","0"
"159","45","60","252","411","0.45666666666666667","150","0.2979219688630843","3.661800486618005","1.437956204379562","0"
"160","50","60","290","392","0.43555555555555553","188","0.3186655447452603","3.752551020408163","1.4438775510204083","0"
"162","10","70","291","393","0.43666666666666665","189","0.3403239807981847","3.6208651399491094","1.4961832061068703","0"
"163","15","70","265","383","0.4255555555555556","163","0.31392584775958904","3.6684073107049606","1.4804177545691906","0"
"166","30","70","234","381","0.42333333333333334","132","0.3035870135177036","3.5853018372703414","1.5196850393700787","0"
"167","35","70","229","426","0.47333333333333333","127","0.32172070052371354","3.7652582159624415","1.5023474178403755","0"
"164","20","70","346","381","0.42333333333333334","244","0.3299572370223649","3.574803149606299","1.5013123359580052","0"
"165","25","70","339","406","0.45111111111111113","237","0.3325890824406808","3.4236453201970445","1.477832512315271","0"
"161","5","70","454","400","0.4444444444444444","352","0.33653308961650735","3.6125","1.4825","0"
"171","5","80","290","402","0.44666666666666666","188","0.3300604355495867","3.6666666666666665","1.435323383084577","0"
"168","40","70","296","377","0.41888888888888887","194","0.3092535612963038","3.424403183023873","1.453580901856764","0"
"172","10","80","278","421","0.4677777777777778","176","0.3181682531000283","3.7838479809976246","1.477434679334917","0"
"169","45","70","288","395","0.4388888888888889","186","0.314911257102432","3.539240506329114","1.4962025316455696","0"
"170","50","70","321","391","0.43444444444444447","219","0.3063635945666323","3.659846547314578","1.514066496163683","0"
"173","15","80","298","401","0.44555555555555554","196","0.33412257090523023","3.6433915211970076","1.5162094763092269","0"
"176","30","80","299","415","0.46111111111111114","197","0.31038915684220186","3.5156626506024096","1.4746987951807229","0"
"174","20","80","325","404","0.4488888888888889","223","0.3216578548290089","3.6806930693069306","1.4653465346534653","0"
"178","40","80","266","413","0.4588888888888889","164","0.299410429675574","3.7288135593220337","1.4430992736077481","0"
"175","25","80","259","411","0.45666666666666667","157","0.3115804330691344","3.661800486618005","1.4695863746958637","0"
"177","35","80","286","404","0.4488888888888889","184","0.29990007213165853","3.6955445544554455","1.4108910891089108","0"
"179","45","80","360","380","0.4222222222222222","258","0.318536606183428","3.636842105263158","1.4473684210526316","0"
"180","50","80","265","410","0.45555555555555555","163","0.299188249580687","3.6365853658536587","1.4341463414634146","0"
"182","10","90","324","376","0.4177777777777778","222","0.2970580153146931","3.5797872340425534","1.4627659574468086","0"
"184","20","90","353","400","0.4444444444444444","251","0.3190164562854248","3.5825","1.4325","0"
"183","15","90","291","393","0.43666666666666665","189","0.3238994350683733","3.687022900763359","1.5419847328244274","0"
"181","5","90","408","398","0.44222222222222224","306","0.32635145044065006","3.3969849246231156","1.4371859296482412","0"
"186","30","90","314","395","0.4388888888888889","212","0.31540462091345184","3.4759493670886075","1.450632911392405","0"
"187","35","90","246","414","0.46","144","0.2910670826265774","3.5676328502415457","1.4420289855072463","0"
"185","25","90","301","384","0.4266666666666667","199","0.3131620851491786","3.6197916666666665","1.4895833333333333","0"
"189","45","90","284","426","0.47333333333333333","182","0.30998221917517","3.575117370892019","1.448356807511737","0"
"188","40","90","294","417","0.4633333333333333","192","0.30326665936036257","3.721822541966427","1.4772182254196642","0"
"190","50","90","310","394","0.43777777777777777","208","0.29531578618766385","3.8807106598984773","1.4340101522842639","0"
"193","15","100","309","414","0.46","207","0.3081504351686265","3.7657004830917873","1.4565217391304348","0"
"191","5","100","421","381","0.42333333333333334","319","0.31668928774365024","3.5669291338582676","1.4724409448818898","0"
"195","25","100","305","391","0.43444444444444447","203","0.3107275967380345","3.6112531969309463","1.473145780051151","0"
"196","30","100","365","398","0.44222222222222224","263","0.3304475410901701","3.7537688442211055","1.5075376884422111","0"
"202","10","10","0","398","0.44222222222222224","263","0.3304475410901701","3.7537688442211055","1.5075376884422111","true"
"203","15","10","0","398","0.44222222222222224","263","0.3304475410901701","3.7537688442211055","1.5075376884422111","true"
"204","20","10","0","398","0.44222222222222224","263","0.3304475410901701","3.7537688442211055","1.5075376884422111","true"
"205","25","10","0","398","0.44222222222222224","263","0.3304475410901701","3.7537688442211055","1.5075376884422111","true"
"206","30","10","0","398","0.44222222222222224","263","0.3304475410901701","3.7537688442211055","1.5075376884422111","true"
"207","35","10","0","398","0.44222222222222224","263","0.3304475410901701","3.7537688442211055","1.5075376884422111","true"
"208","40","10","0","398","0.44222222222222224","263","0.3304475410901701","3.7537688442211055","1.5075376884422111","true"
"209","45","10","0","398","0.44222222222222224","263","0.3304475410901701","3.7537688442211055","1.5075376884422111","true"
"210","50","10","0","398","0.44222222222222224","263","0.3304475410901701","3.7537688442211055","1.5075376884422111","true"
"198","40","100","299","434","0.4822222222222222","197","0.3144893796645446","3.4078341013824884","1.4493087557603688","0"
"192","10","100","415","396","0.44","313","0.32328865716111144","3.744949494949495","1.4722222222222223","0"
"194","20","100","473","384","0.4266666666666667","371","0.3152554950279846","3.609375","1.4739583333333333","0"
"214","20","20","0","384","0.4266666666666667","371","0.3152554950279846","3.609375","1.4739583333333333","true"
"215","25","20","0","384","0.4266666666666667","371","0.3152554950279846","3.609375","1.4739583333333333","true"
"216","30","20","0","384","0.4266666666666667","371","0.3152554950279846","3.609375","1.4739583333333333","true"
"217","35","20","0","384","0.4266666666666667","371","0.3152554950279846","3.609375","1.4739583333333333","true"
"218","40","20","0","384","0.4266666666666667","371","0.3152554950279846","3.609375","1.4739583333333333","true"
"219","45","20","0","384","0.4266666666666667","371","0.3152554950279846","3.609375","1.4739583333333333","true"
"220","50","20","0","384","0.4266666666666667","371","0.3152554950279846","3.609375","1.4739583333333333","true"
"212","10","20","180","401","0.44555555555555554","78","0.3418644717142113","3.623441396508728","1.4837905236907731","0"
"197","35","100","371","385","0.42777777777777776","269","0.3147472689704733","3.6311688311688313","1.4779220779220779","0"
"201","5","10","149","419","0.46555555555555556","47","0.3790045753991057","3.4295942720763724","1.4988066825775657","0"
"211","5","20","215","423","0.47","113","0.3658178449548403","3.699763593380615","1.475177304964539","0"
"213","15","20","179","400","0.4444444444444444","77","0.3300985388813488","3.6425","1.4925","0"
"226","30","30","0","400","0.4444444444444444","77","0.3300985388813488","3.6425","1.4925","true"
"227","35","30","0","400","0.4444444444444444","77","0.3300985388813488","3.6425","1.4925","true"
"228","40","30","0","400","0.4444444444444444","77","0.3300985388813488","3.6425","1.4925","true"
"229","45","30","0","400","0.4444444444444444","77","0.3300985388813488","3.6425","1.4925","true"
"230","50","30","0","400","0.4444444444444444","77","0.3300985388813488","3.6425","1.4925","true"
"199","45","100","297","404","0.4488888888888889","195","0.3166800373654595","3.599009900990099","1.5148514851485149","0"
"200","50","100","287","418","0.46444444444444444","185","0.3032301867024392","3.712918660287081","1.4904306220095693","0"
"222","10","30","186","411","0.45666666666666667","84","0.34479704532793004","3.5693430656934306","1.5206812652068127","0"
"221","5","30","253","385","0.42777777777777776","151","0.33808164929241213","3.6545454545454548","1.4753246753246754","0"
"223","15","30","195","395","0.4388888888888889","93","0.3352693893976602","3.4835443037974683","1.4632911392405064","0"
"225","25","30","199","436","0.48444444444444446","97","0.3385530765172254","3.653669724770642","1.4564220183486238","0"
"224","20","30","178","403","0.4477777777777778","76","0.3301922211889675","3.7766749379652604","1.4962779156327544","0"
"231","5","40","216","397","0.4411111111111111","114","0.3373132612076131","3.7984886649874054","1.5239294710327456","0"
"239","45","40","0","397","0.4411111111111111","114","0.3373132612076131","3.7984886649874054","1.5239294710327456","true"
"240","50","40","0","397","0.4411111111111111","114","0.3373132612076131","3.7984886649874054","1.5239294710327456","true"
"232","10","40","230","411","0.45666666666666667","128","0.33934826694118103","3.591240875912409","1.4768856447688565","0"
"233","15","40","210","400","0.4444444444444444","108","0.3305844188757663","3.6","1.51","0"
"234","20","40","258","380","0.4222222222222222","156","0.3268902155060193","3.5736842105263156","1.4605263157894737","0"
"235","25","40","200","394","0.43777777777777777","98","0.3065373886797275","3.5888324873096447","1.4644670050761421","0"
"237","35","40","205","414","0.46","103","0.32021519285375905","3.5531400966183573","1.4734299516908214","0"
"236","30","40","217","396","0.44","115","0.32116591891181834","3.585858585858586","1.505050505050505","0"
"241","5","50","240","390","0.43333333333333335","138","0.3202474857016867","3.6538461538461537","1.476923076923077","0"
"242","10","50","241","402","0.44666666666666666","139","0.306917980132493","3.681592039800995","1.4303482587064678","0"
"244","20","50","222","426","0.47333333333333333","120","0.32407048587211773","3.544600938967136","1.4413145539906103","0"
"250","50","50","0","426","0.47333333333333333","120","0.32407048587211773","3.544600938967136","1.4413145539906103","true"
"245","25","50","228","386","0.4288888888888889","126","0.3094699529315385","3.673575129533679","1.4637305699481866","0"
"246","30","50","266","395","0.4388888888888889","164","0.3119300173090115","3.610126582278481","1.450632911392405","0"
"243","15","50","288","400","0.4444444444444444","186","0.3260564621126641","3.635","1.4575","0"
"247","35","50","230","376","0.4177777777777778","128","0.3112731463317118","3.625","1.4813829787234043","0"
"248","40","50","210","412","0.4577777777777778","108","0.31961291572537126","3.6116504854368934","1.4466019417475728","0"
"249","45","50","201","413","0.4588888888888889","99","0.3038038455671016","3.651331719128329","1.4527845036319613","0"
"251","5","60","224","431","0.47888888888888886","122","0.32749874916446525","3.6218097447795823","1.4477958236658932","0"
"252","10","60","216","411","0.45666666666666667","114","0.3302708921223221","3.661800486618005","1.4841849148418491","0"
"253","15","60","240","400","0.4444444444444444","138","0.3307574913843828","3.5475","1.4625","0"
"255","25","60","264","396","0.44","162","0.32903838391799545","3.6717171717171717","1.5277777777777777","0"
"254","20","60","350","369","0.41","248","0.3154974499002071","3.7371273712737128","1.4742547425474255","0"
"258","40","60","254","400","0.4444444444444444","152","0.2945163435421933","3.6025","1.465","0"
"257","35","60","281","379","0.4211111111111111","179","0.3056289379723284","3.5277044854881265","1.474934036939314","0"
"260","50","60","232","400","0.4444444444444444","130","0.3094646654417077","3.705","1.48","0"
"256","30","60","324","393","0.43666666666666665","222","0.33176734885030273","3.4300254452926207","1.4681933842239185","0"
"259","45","60","228","425","0.4722222222222222","126","0.30887271458048876","3.5788235294117645","1.4705882352941178","0"
"263","15","70","249","403","0.4477777777777778","147","0.3200589142958357","3.6054590570719602","1.4863523573200992","0"
"262","10","70","254","418","0.46444444444444444","152","0.3260990318473493","3.7344497607655502","1.485645933014354","0"
"261","5","70","311","375","0.4166666666666667","209","0.3268703065686822","3.538666666666667","1.4826666666666666","0"
"265","25","70","230","431","0.47888888888888886","128","0.31104144364228226","3.6264501160092806","1.4269141531322507","0"
"267","35","70","237","398","0.44222222222222224","135","0.3049599063230232","3.741206030150754","1.4698492462311559","0"
"264","20","70","319","372","0.41333333333333333","217","0.2968150553370221","3.631720430107527","1.456989247311828","0"
"266","30","70","312","376","0.4177777777777778","210","0.30644165929678385","3.6382978723404253","1.4787234042553192","0"
"268","40","70","295","400","0.4444444444444444","193","0.3201238047606131","3.505","1.4975","0"
"269","45","70","248","411","0.45666666666666667","146","0.30408295562748683","3.6496350364963503","1.5060827250608273","0"
"271","5","80","349","385","0.42777777777777776","247","0.3228679318788168","3.548051948051948","1.4545454545454546","0"
"272","10","80","251","415","0.46111111111111114","149","0.31405070086738895","3.7349397590361444","1.4674698795180723","0"
"273","15","80","271","414","0.46","169","0.3306933096590187","3.6714975845410627","1.5144927536231885","0"
"270","50","70","352","388","0.4311111111111111","250","0.3122259080092904","3.6649484536082473","1.4639175257731958","0"
"274","20","80","273","407","0.45222222222222225","171","0.31355632323416005","3.6068796068796067","1.4373464373464373","0"
"275","25","80","250","423","0.47","148","0.31569537119302277","3.5271867612293146","1.4609929078014185","0"
"276","30","80","272","421","0.4677777777777778","170","0.318681211056583","3.669833729216152","1.4489311163895486","0"
"277","35","80","270","388","0.4311111111111111","168","0.3108240103585158","3.654639175257732","1.4896907216494846","0"
"280","50","80","303","376","0.4177777777777778","201","0.30513436579923214","3.603723404255319","1.4335106382978724","0"
"279","45","80","338","393","0.43666666666666665","236","0.3132320079310473","3.6717557251908395","1.4809160305343512","0"
"281","5","90","303","378","0.42","201","0.3316239374869503","3.5767195767195767","1.4682539682539681","0"
"282","10","90","286","381","0.42333333333333334","184","0.285638595608009","3.8766404199475066","1.4356955380577427","0"
"278","40","80","424","382","0.42444444444444446","322","0.32994778753419896","3.575916230366492","1.486910994764398","0"
"284","20","90","290","388","0.4311111111111111","188","0.2984383384996987","3.7268041237113403","1.4484536082474226","0"
"283","15","90","319","395","0.4388888888888889","217","0.32410682852152684","3.5063291139240507","1.4582278481012658","0"
"286","30","90","291","395","0.4388888888888889","189","0.31187776761616987","3.706329113924051","1.4860759493670885","0"
"288","40","90","322","404","0.4488888888888889","220","0.31499793092744893","3.5618811881188117","1.4653465346534653","0"
"287","35","90","336","402","0.44666666666666666","234","0.3170013182956929","3.4378109452736316","1.4825870646766168","0"
"285","25","90","406","367","0.4077777777777778","304","0.3174696427672731","3.6185286103542236","1.4713896457765667","0"
"289","45","90","366","399","0.44333333333333336","264","0.3228483612257323","3.5538847117794488","1.4736842105263157","0"
"290","50","90","266","398","0.44222222222222224","164","0.2975963485844531","3.685929648241206","1.4673366834170853","0"
"291","5","100","359","375","0.4166666666666667","257","0.31177170880189387","3.6933333333333334","1.4693333333333334","0"
"293","15","100","273","428","0.47555555555555556","171","0.30967574405435455","3.7313084112149535","1.4462616822429906","0"
"294","20","100","288","405","0.45","186","0.3211055580204953","3.6765432098765434","1.451851851851852","0"
"238","40","40","0","403","0.4477777777777778","76","0.3301922211889675","3.7766749379652604","1.4962779156327544","true"
"296","30","100","313","405","0.45","211","0.31306685706290255","3.7382716049382716","1.5061728395061729","0"
"302","10","10","0","405","0.45","211","0.31306685706290255","3.7382716049382716","1.5061728395061729","true"
"303","15","10","0","405","0.45","211","0.31306685706290255","3.7382716049382716","1.5061728395061729","true"
"304","20","10","0","405","0.45","211","0.31306685706290255","3.7382716049382716","1.5061728395061729","true"
"305","25","10","0","405","0.45","211","0.31306685706290255","3.7382716049382716","1.5061728395061729","true"
"306","30","10","0","405","0.45","211","0.31306685706290255","3.7382716049382716","1.5061728395061729","true"
"307","35","10","0","405","0.45","211","0.31306685706290255","3.7382716049382716","1.5061728395061729","true"
"308","40","10","0","405","0.45","211","0.31306685706290255","3.7382716049382716","1.5061728395061729","true"
"309","45","10","0","405","0.45","211","0.31306685706290255","3.7382716049382716","1.5061728395061729","true"
"310","50","10","0","405","0.45","211","0.31306685706290255","3.7382716049382716","1.5061728395061729","true"
"292","10","100","534","382","0.42444444444444446","432","0.3373734873453412","3.599476439790576","1.431937172774869","0"
"297","35","100","444","373","0.41444444444444445","342","0.3177277399801665","3.5656836461126007","1.4852546916890081","0"
"295","25","100","484","379","0.4211111111111111","382","0.32250912944121585","3.5804749340369395","1.4643799472295516","0"
"314","20","20","0","379","0.4211111111111111","382","0.32250912944121585","3.5804749340369395","1.4643799472295516","true"
"315","25","20","0","379","0.4211111111111111","382","0.32250912944121585","3.5804749340369395","1.4643799472295516","true"
"316","30","20","0","379","0.4211111111111111","382","0.32250912944121585","3.5804749340369395","1.4643799472295516","true"
"317","35","20","0","379","0.4211111111111111","382","0.32250912944121585","3.5804749340369395","1.4643799472295516","true"
"318","40","20","0","379","0.4211111111111111","382","0.32250912944121585","3.5804749340369395","1.4643799472295516","true"
"319","45","20","0","379","0.4211111111111111","382","0.32250912944121585","3.5804749340369395","1.4643799472295516","true"
"320","50","20","0","379","0.4211111111111111","382","0.32250912944121585","3.5804749340369395","1.4643799472295516","true"
"299","45","100","297","428","0.47555555555555556","195","0.3158349671260979","3.663551401869159","1.4953271028037383","0"
"301","5","10","168","403","0.4477777777777778","66","0.35772289579907707","3.5930521091811416","1.4540942928039702","0"
"298","40","100","352","391","0.43444444444444447","250","0.31830720964760384","3.7161125319693094","1.4884910485933505","0"
"311","5","20","173","398","0.44222222222222224","71","0.33793689027250445","3.7261306532663316","1.4899497487437185","0"
"312","10","20","163","414","0.46","61","0.3368462782273841","3.5942028985507246","1.4927536231884058","0"
"326","30","30","0","414","0.46","61","0.3368462782273841","3.5942028985507246","1.4927536231884058","true"
"327","35","30","0","414","0.46","61","0.3368462782273841","3.5942028985507246","1.4927536231884058","true"
"328","40","30","0","414","0.46","61","0.3368462782273841","3.5942028985507246","1.4927536231884058","true"
"329","45","30","0","414","0.46","61","0.3368462782273841","3.5942028985507246","1.4927536231884058","true"
"330","50","30","0","414","0.46","61","0.3368462782273841","3.5942028985507246","1.4927536231884058","true"
"313","15","20","167","431","0.47888888888888886","65","0.3508158805028898","3.7006960556844546","1.4593967517401392","0"
"300","50","100","312","411","0.45666666666666667","210","0.29552802106705656","3.576642335766423","1.4817518248175183","0"
"321","5","30","196","382","0.42444444444444446","94","0.3357142082874578","3.5785340314136125","1.486910994764398","0"
"322","10","30","200","404","0.4488888888888889","98","0.33839721700674424","3.5693069306930694","1.4851485148514851","0"
"323","15","30","212","386","0.4288888888888889","110","0.3226860277896924","3.5310880829015545","1.4896373056994818","0"
"324","20","30","200","390","0.43333333333333335","98","0.3307241700836058","3.5487179487179485","1.4743589743589745","0"
"325","25","30","172","405","0.45","70","0.33012741313360006","3.68641975308642","1.4765432098765432","0"
"338","40","40","0","405","0.45","70","0.33012741313360006","3.68641975308642","1.4765432098765432","true"
"339","45","40","0","405","0.45","70","0.33012741313360006","3.68641975308642","1.4765432098765432","true"
"340","50","40","0","405","0.45","70","0.33012741313360006","3.68641975308642","1.4765432098765432","true"
"332","10","40","214","392","0.43555555555555553","112","0.3312266556152426","3.7806122448979593","1.4846938775510203","0"
"331","5","40","237","414","0.46","135","0.33403925883130436","3.6980676328502415","1.4251207729468598","0"
"335","25","40","202","396","0.44","100","0.3194594951850721","3.6186868686868685","1.5176767676767677","0"
"333","15","40","238","374","0.41555555555555557","136","0.3206932538085097","3.665775401069519","1.4598930481283423","0"
"334","20","40","210","388","0.4311111111111111","108","0.3147554474276772","3.582474226804124","1.4793814432989691","0"
"336","30","40","186","400","0.4444444444444444","84","0.307679760588822","3.9975","1.5025","0"
"337","35","40","200","423","0.47","98","0.3253304529113261","3.600472813238771","1.4539007092198581","0"
"342","10","50","249","389","0.43222222222222223","147","0.31441820643407575","3.488431876606684","1.4035989717223651","0"
"344","20","50","220","411","0.45666666666666667","118","0.33049820869710844","3.462287104622871","1.5060827250608273","0"
"350","50","50","0","411","0.45666666666666667","118","0.33049820869710844","3.462287104622871","1.5060827250608273","true"
"343","15","50","242","397","0.4411111111111111","140","0.3253331606995003","3.649874055415617","1.4710327455919396","0"
"346","30","50","225","391","0.43444444444444447","123","0.3166330369406264","3.626598465473146","1.462915601023018","0"
"341","5","50","350","408","0.4533333333333333","248","0.37855899031698953","3.6887254901960786","1.5122549019607843","0"
"345","25","50","329","367","0.4077777777777778","227","0.33010068029472267","3.5994550408719346","1.452316076294278","0"
"349","45","50","235","392","0.43555555555555553","133","0.3138000474887537","3.6658163265306123","1.469387755102041","0"
"347","35","50","262","383","0.4255555555555556","160","0.3220485556446091","3.642297650130548","1.5195822454308094","0"
"348","40","50","250","409","0.45444444444444443","148","0.3396135749283175","3.7530562347188265","1.5354523227383863","0"
"351","5","60","308","393","0.43666666666666665","206","0.33321940695162433","3.595419847328244","1.4961832061068703","0"
"353","15","60","253","398","0.44222222222222224","151","0.3200086190728295","3.5954773869346734","1.4924623115577889","0"
"352","10","60","316","381","0.42333333333333334","214","0.33051158916944046","3.593175853018373","1.4960629921259843","0"
"356","30","60","254","410","0.45555555555555555","152","0.326125163512657","3.604878048780488","1.5073170731707317","0"
"355","25","60","250","405","0.45","148","0.3336077547619096","3.7037037037037037","1.491358024691358","0"
"354","20","60","356","398","0.44222222222222224","254","0.3542347533321689","3.550251256281407","1.5075376884422111","0"
"359","45","60","232","435","0.48333333333333334","130","0.3171783662294965","3.567816091954023","1.4689655172413794","0"
"357","35","60","306","376","0.4177777777777778","204","0.3173503326957463","3.5664893617021276","1.5079787234042554","0"
"358","40","60","325","382","0.42444444444444446","223","0.32384794549239676","3.6230366492146597","1.4659685863874345","0"
"360","50","60","226","421","0.4677777777777778","124","0.3035336773283364","3.655581947743468","1.482185273159145","0"
"362","10","70","297","394","0.43777777777777777","195","0.3366673196922118","3.530456852791878","1.4796954314720812","0"
"361","5","70","336","419","0.46555555555555556","234","0.3402899095017144","3.515513126491647","1.4653937947494033","0"
"364","20","70","268","403","0.4477777777777778","166","0.31160835153505306","3.6029776674937963","1.466501240694789","0"
"365","25","70","303","395","0.4388888888888889","201","0.33784070367052843","3.5037974683544304","1.4936708860759493","0"
"363","15","70","293","412","0.4577777777777778","191","0.3400125444043499","3.6990291262135924","1.4635922330097086","0"
"366","30","70","229","423","0.47","127","0.30265376617654954","3.83451536643026","1.4491725768321513","0"
"367","35","70","288","400","0.4444444444444444","186","0.31262164801260395","3.6375","1.425","0"
"369","45","70","252","409","0.45444444444444443","150","0.31313135398591346","3.5941320293398533","1.5036674816625917","0"
"368","40","70","311","373","0.41444444444444445","209","0.3096357907357663","3.603217158176944","1.4852546916890081","0"
"372","10","80","255","405","0.45","153","0.33562014190416767","3.6938271604938273","1.4370370370370371","0"
"370","50","70","264","387","0.43","162","0.2976927724203329","3.558139534883721","1.4987080103359174","0"
"371","5","80","275","401","0.44555555555555554","173","0.32188160714889236","3.680798004987531","1.4488778054862843","0"
"373","15","80","280","399","0.44333333333333336","178","0.32109344337806656","3.5664160401002505","1.4761904761904763","0"
"374","20","80","283","409","0.45444444444444443","181","0.34526115269008245","3.606356968215159","1.4938875305623471","0"
"375","25","80","254","393","0.43666666666666665","152","0.30423130868950793","3.7404580152671754","1.491094147582697","0"
"376","30","80","293","405","0.45","191","0.31565890884131576","3.6641975308641976","1.4666666666666666","0"
"378","40","80","302","383","0.4255555555555556","200","0.307315856086507","3.574412532637076","1.4647519582245432","0"
"377","35","80","275","420","0.4666666666666667","173","0.31481122704270864","3.7333333333333334","1.4595238095238094","0"
"379","45","80","256","421","0.4677777777777778","154","0.3039454442443218","3.6009501187648456","1.484560570071259","0"
"380","50","80","260","420","0.4666666666666667","158","0.301158845851866","3.6023809523809525","1.438095238095238","0"
"381","5","90","392","376","0.4177777777777778","290","0.3341358618392774","3.4627659574468086","1.4547872340425532","0"
"382","10","90","283","393","0.43666666666666665","181","0.311606778061812","3.6743002544529264","1.4427480916030535","0"
"383","15","90","271","412","0.4577777777777778","169","0.32261258010215105","3.686893203883495","1.5024271844660195","0"
"385","25","90","324","392","0.43555555555555553","222","0.28899665382083156","3.627551020408163","1.3979591836734695","0"
"384","20","90","428","396","0.44","326","0.32998488818172717","3.638888888888889","1.4772727272727273","0"
"386","30","90","328","392","0.43555555555555553","226","0.31946759385393864","3.5051020408163267","1.4540816326530612","0"
"388","40","90","270","396","0.44","168","0.3113367573470881","3.70959595959596","1.5277777777777777","0"
"387","35","90","405","371","0.4122222222222222","303","0.3057293313451038","3.719676549865229","1.4474393530997305","0"
"392","10","100","359","385","0.42777777777777776","257","0.3105377413968987","3.722077922077922","1.4363636363636363","0"
"389","45","90","335","380","0.4222222222222222","233","0.29507359158461993","3.6736842105263157","1.436842105263158","0"
"393","15","100","322","412","0.4577777777777778","220","0.3331890151129238","3.5072815533980584","1.4611650485436893","0"
"390","50","90","320","411","0.45666666666666667","218","0.331521810350802","3.6715328467153285","1.4939172749391727","0"
"391","5","100","364","406","0.45111111111111113","262","0.33065222568980485","3.7118226600985222","1.5","0"
"394","20","100","345","395","0.4388888888888889","243","0.32840976584077747","3.4253164556962026","1.4987341772151899","0"
"402","10","10","0","395","0.4388888888888889","243","0.32840976584077747","3.4253164556962026","1.4987341772151899","true"
"403","15","10","0","395","0.4388888888888889","243","0.32840976584077747","3.4253164556962026","1.4987341772151899","true"
"404","20","10","0","395","0.4388888888888889","243","0.32840976584077747","3.4253164556962026","1.4987341772151899","true"
"405","25","10","0","395","0.4388888888888889","243","0.32840976584077747","3.4253164556962026","1.4987341772151899","true"
"406","30","10","0","395","0.4388888888888889","243","0.32840976584077747","3.4253164556962026","1.4987341772151899","true"
"407","35","10","0","395","0.4388888888888889","243","0.32840976584077747","3.4253164556962026","1.4987341772151899","true"
"408","40","10","0","395","0.4388888888888889","243","0.32840976584077747","3.4253164556962026","1.4987341772151899","true"
"409","45","10","0","395","0.4388888888888889","243","0.32840976584077747","3.4253164556962026","1.4987341772151899","true"
"410","50","10","0","395","0.4388888888888889","243","0.32840976584077747","3.4253164556962026","1.4987341772151899","true"
"395","25","100","343","383","0.4255555555555556","241","0.3159105897502865","3.574412532637076","1.4569190600522193","0"
"397","35","100","271","412","0.4577777777777778","169","0.3123845580926732","3.7305825242718447","1.546116504854369","0"
"396","30","100","309","403","0.4477777777777778","207","0.30748222669379977","3.4764267990074442","1.4441687344913152","0"
"414","20","20","0","403","0.4477777777777778","207","0.30748222669379977","3.4764267990074442","1.4441687344913152","true"
"415","25","20","0","403","0.4477777777777778","207","0.30748222669379977","3.4764267990074442","1.4441687344913152","true"
"416","30","20","0","403","0.4477777777777778","207","0.30748222669379977","3.4764267990074442","1.4441687344913152","true"
"417","35","20","0","403","0.4477777777777778","207","0.30748222669379977","3.4764267990074442","1.4441687344913152","true"
"418","40","20","0","403","0.4477777777777778","207","0.30748222669379977","3.4764267990074442","1.4441687344913152","true"
"419","45","20","0","403","0.4477777777777778","207","0.30748222669379977","3.4764267990074442","1.4441687344913152","true"
"420","50","20","0","403","0.4477777777777778","207","0.30748222669379977","3.4764267990074442","1.4441687344913152","true"
"401","5","10","188","399","0.44333333333333336","86","0.36194313021061336","3.699248120300752","1.443609022556391","0"
"398","40","100","290","398","0.44222222222222224","188","0.3157746037034133","3.6180904522613067","1.515075376884422","0"
"400","50","100","289","408","0.4533333333333333","187","0.2747256563814456","3.610294117647059","1.3676470588235294","0"
"413","15","20","174","398","0.44222222222222224","72","0.33033642578430084","3.758793969849246","1.4824120603015076","0"
"411","5","20","164","399","0.44333333333333336","62","0.3473789451562449","3.719298245614035","1.4862155388471179","0"
"426","30","30","0","399","0.44333333333333336","62","0.3473789451562449","3.719298245614035","1.4862155388471179","true"
"427","35","30","0","399","0.44333333333333336","62","0.3473789451562449","3.719298245614035","1.4862155388471179","true"
"428","40","30","0","399","0.44333333333333336","62","0.3473789451562449","3.719298245614035","1.4862155388471179","true"
"429","45","30","0","399","0.44333333333333336","62","0.3473789451562449","3.719298245614035","1.4862155388471179","true"
"430","50","30","0","399","0.44333333333333336","62","0.3473789451562449","3.719298245614035","1.4862155388471179","true"
"399","45","100","409","386","0.4288888888888889","307","0.32078595437212837","3.6010362694300517","1.494818652849741","0"
"412","10","20","187","392","0.43555555555555553","85","0.3343607248437606","3.627551020408163","1.4464285714285714","0"
"421","5","30","179","388","0.4311111111111111","77","0.34243265301517617","3.5850515463917527","1.4690721649484537","0"
"422","10","30","201","418","0.46444444444444444","99","0.33130662708259195","3.624401913875598","1.4545454545454546","0"
"424","20","30","166","413","0.4588888888888889","64","0.3168769727980234","3.523002421307506","1.4648910411622276","0"
"425","25","30","210","395","0.4388888888888889","108","0.3322104909332426","3.5772151898734177","1.4886075949367088","0"
"423","15","30","216","364","0.40444444444444444","114","0.32349294765912023","3.769230769230769","1.5054945054945055","0"
"438","40","40","0","364","0.40444444444444444","114","0.32349294765912023","3.769230769230769","1.5054945054945055","true"
"439","45","40","0","364","0.40444444444444444","114","0.32349294765912023","3.769230769230769","1.5054945054945055","true"
"440","50","40","0","364","0.40444444444444444","114","0.32349294765912023","3.769230769230769","1.5054945054945055","true"
"432","10","40","236","392","0.43555555555555553","134","0.3427807604314487","3.5535714285714284","1.441326530612245","0"
"433","15","40","205","429","0.4766666666666667","103","0.34136765565337024","3.536130536130536","1.4801864801864801","0"
"431","5","40","229","380","0.4222222222222222","127","0.33207370218754095","3.6763157894736844","1.4578947368421054","0"
"434","20","40","211","398","0.44222222222222224","109","0.32613119386076905","3.608040201005025","1.4773869346733668","0"
"435","25","40","191","399","0.44333333333333336","89","0.3197794074431283","3.694235588972431","1.5263157894736843","0"
"437","35","40","190","416","0.4622222222222222","88","0.3190262695079902","3.7211538461538463","1.4951923076923077","0"
"442","10","50","234","405","0.45","132","0.32501049642677343","3.6469135802469137","1.4444444444444444","0"
"436","30","40","235","408","0.4533333333333333","133","0.32989555682866056","3.642156862745098","1.4730392156862746","0"
"441","5","50","252","393","0.43666666666666665","150","0.32430970046050456","3.7302798982188294","1.4631043256997456","0"
"450","50","50","0","393","0.43666666666666665","150","0.32430970046050456","3.7302798982188294","1.4631043256997456","true"
"443","15","50","244","382","0.42444444444444446","142","0.3071576222160752","3.7041884816753927","1.4659685863874345","0"
"444","20","50","251","384","0.4266666666666667","149","0.3229026803433392","3.515625","1.5","0"
"445","25","50","239","383","0.4255555555555556","137","0.302451785353885","3.5900783289817233","1.4699738903394255","0"
"447","35","50","264","362","0.4022222222222222","162","0.3019497421574666","3.5497237569060776","1.4502762430939227","0"
"446","30","50","242","407","0.45222222222222225","140","0.3293672579357361","3.675675675675676","1.4864864864864864","0"
"448","40","50","231","398","0.44222222222222224","129","0.3135129399651966","3.7185929648241207","1.4597989949748744","0"
"449","45","50","247","402","0.44666666666666666","145","0.3027528986473482","3.5920398009950247","1.4577114427860696","0"
"451","5","60","313","399","0.44333333333333336","211","0.33124989752184847","3.6240601503759398","1.431077694235589","0"
"454","20","60","240","378","0.42","138","0.2911036152573353","3.6560846560846563","1.4312169312169312","0"
"452","10","60","267","417","0.4633333333333333","165","0.32565130221454613","3.6354916067146283","1.4388489208633093","0"
"455","25","60","277","403","0.4477777777777778","175","0.32159429280397056","3.5136476426799006","1.468982630272953","0"
"457","35","60","225","408","0.4533333333333333","123","0.31046661472980563","3.7549019607843137","1.4681372549019607","0"
"453","15","60","319","387","0.43","217","0.32423041505472705","3.7209302325581395","1.4470284237726099","0"
"456","30","60","233","394","0.43777777777777777","131","0.32520454282481515","3.713197969543147","1.4949238578680204","0"
"458","40","60","249","397","0.4411111111111111","147","0.3087301916933467","3.632241813602015","1.4836272040302267","0"
"460","50","60","231","397","0.4411111111111111","129","0.2921967110965677","3.526448362720403","1.4760705289672544","0"
"462","10","70","252","385","0.42777777777777776","150","0.3084657057741759","3.7142857142857144","1.438961038961039","0"
"459","45","60","239","429","0.4766666666666667","137","0.307264406574433","3.762237762237762","1.4615384615384615","0"
"461","5","70","286","398","0.44222222222222224","184","0.3133319654217008","3.650753768844221","1.4321608040201006","0"
"464","20","70","238","414","0.46","136","0.31393538973563034","3.642512077294686","1.4758454106280192","0"
"463","15","70","314","391","0.43444444444444447","212","0.3257264792768966","3.526854219948849","1.4833759590792839","0"
"465","25","70","252","414","0.46","150","0.3337892647073055","3.7028985507246377","1.5120772946859904","0"
"468","40","70","247","398","0.44222222222222224","145","0.2928868973203395","3.6381909547738696","1.4522613065326633","0"
"469","45","70","240","400","0.4444444444444444","138","0.3079175715083455","3.7375","1.51","0"
"467","35","70","268","390","0.43333333333333335","166","0.3015512359392565","3.7897435897435896","1.4384615384615385","0"
"470","50","70","247","403","0.4477777777777778","145","0.2988212339654019","3.600496277915633","1.488833746898263","0"
"472","10","80","346","390","0.43333333333333335","244","0.32129673011224963","3.674358974358974","1.4564102564102563","0"
"471","5","80","309","369","0.41","207","0.3100483314789258","3.6856368563685638","1.4878048780487805","0"
"473","15","80","280","414","0.46","178","0.32743256310697916","3.6690821256038646","1.463768115942029","0"
"474","20","80","309","383","0.4255555555555556","207","0.3138784528050206","3.6762402088772848","1.5013054830287207","0"
"466","30","70","470","395","0.4388888888888889","368","0.36219246627552415","3.5670886075949366","1.5012658227848101","0"
"478","40","80","279","410","0.45555555555555555","177","0.31066240797176","3.5609756097560976","1.4878048780487805","0"
"476","30","80","279","392","0.43555555555555553","177","0.3220456811878656","3.688775510204082","1.4974489795918366","0"
"475","25","80","314","410","0.45555555555555555","212","0.3285110141159233","3.6439024390243904","1.4414634146341463","0"
"477","35","80","330","394","0.43777777777777777","228","0.31881179111257085","3.565989847715736","1.4213197969543148","0"
"479","45","80","264","411","0.45666666666666667","162","0.301108509501983","3.4987834549878345","1.4428223844282237","0"
"481","5","90","367","408","0.4533333333333333","265","0.34339627923638655","3.627450980392157","1.4558823529411764","0"
"480","50","80","310","379","0.4211111111111111","208","0.30582751999720426","3.5356200527704487","1.4538258575197889","0"
"482","10","90","335","396","0.44","233","0.32365590761937046","3.5984848484848486","1.4696969696969697","0"
"483","15","90","292","396","0.44","190","0.32612311234117414","3.70959595959596","1.4873737373737375","0"
"488","40","90","280","423","0.47","178","0.31401167376859895","3.5721040189125297","1.4775413711583925","0"
"484","20","90","324","400","0.4444444444444444","222","0.3271951823292294","3.85","1.5","0"
"485","25","90","295","396","0.44","193","0.30232766410682904","3.601010101010101","1.4242424242424243","0"
"487","35","90","255","416","0.4622222222222222","153","0.30409186761554224","3.6322115384615383","1.4951923076923077","0"
"491","5","100","316","411","0.45666666666666667","214","0.3241573006394456","3.712895377128954","1.4452554744525548","0"
"486","30","90","484","395","0.4388888888888889","382","0.3191226642229896","3.5164556962025317","1.4354430379746836","0"
"489","45","90","431","380","0.4222222222222222","329","0.30719995844094156","3.6210526315789475","1.4342105263157894","0"
"490","50","90","366","370","0.4111111111111111","264","0.29205633979047","3.7135135135135133","1.4864864864864864","0"
"492","10","100","388","412","0.4577777777777778","286","0.3425120009082559","3.5218446601941746","1.4951456310679612","0"
"493","15","100","313","416","0.4622222222222222","211","0.30871955939916734","3.5408653846153846","1.4206730769230769","0"
"495","25","100","329","387","0.43","227","0.3109097726647388","3.640826873385013","1.434108527131783","0"
"496","30","100","370","408","0.4533333333333333","268","0.342943010034596","3.6691176470588234","1.5","0"
"494","20","100","520","390","0.43333333333333335","418","0.317834237942253","3.5871794871794873","1.4230769230769231","0"
"497","35","100","336","402","0.44666666666666666","234","0.3099309146658609","3.6641791044776117","1.4601990049751243","0"
"499","45","100","302","399","0.44333333333333336","200","0.29753459330855814","3.6591478696741855","1.4761904761904763","0"
"498","40","100","349","405","0.45","247","0.3180950561677083","3.5580246913580247","1.4691358024691359","0"
"500","50","100","343","397","0.4411111111111111","241","0.31719658728217726","3.6095717884130982","1.4760705289672544","0"
